time_s,serving_AP,BER_AP0,BER_AP1,BER_AP2,BER_AP3,BER_AP4,BER_AP5,Reff_AP0_Mbps,Reff_AP1_Mbps,Reff_AP2_Mbps,Reff_AP3_Mbps,Reff_AP4_Mbps,Reff_AP5_Mbps
0.000000e+00,-1,5.000000e-01,5.000000e-01,5.000000e-01,5.000000e-01,5.000000e-01,5.000000e-01,0.000000e+00,0.000000e+00,0.000000e+00,0.000000e+00,0.000000e+00,0.000000e+00
1.000000e-01,-1,5.000000e-01,5.000000e-01,5.000000e-01,5.000000e-01,5.000000e-01,5.000000e-01,0.000000e+00,0.000000e+00,0.000000e+00,0.000000e+00,0.000000e+00,0.000000e+00
2.000000e-01,-1,5.000000e-01,5.000000e-01,5.000000e-01,5.000000e-01,5.000000e-01,5.000000e-01,0.000000e+00,0.000000e+00,0.000000e+00,0.000000e+00,0.000000e+00,0.000000e+00
3.000000e-01,0,2.840749e-48,5.000000e-01,5.000000e-01,5.000000e-01,5.000000e-01,5.000000e-01,3.000000e-01,0.000000e+00,0.000000e+00,0.000000e+00,0.000000e+00,0.000000e+00
4.000000e-01,0,6.769381e-33,5.000000e-01,5.000000e-01,5.000000e-01,5.000000e-01,5.000000e-01,3.000000e-01,0.000000e+00,0.000000e+00,0.000000e+00,0.000000e+00,0.000000e+00
5.000000e-01,-1,5.000000e-01,5.000000e-01,5.000000e-01,5.000000e-01,5.000000e-01,5.000000e-01,0.000000e+00,0.000000e+00,0.000000e+00,0.000000e+00,0.000000e+00,0.000000e+00
6.000000e-01,-1,5.000000e-01,5.000000e-01,5.000000e-01,5.000000e-01,5.000000e-01,5.000000e-01,0.000000e+00,0.000000e+00,0.000000e+00,0.000000e+00,0.000000e+00,0.000000e+00
7.000000e-01,-1,5.000000e-01,5.000000e-01,5.000000e-01,5.000000e-01,5.000000e-01,5.000000e-01,0.000000e+00,0.000000e+00,0.000000e+00,0.000000e+00,0.000000e+00,0.000000e+00
8.000000e-01,-1,5.000000e-01,5.000000e-01,5.000000e-01,5.000000e-01,5.000000e-01,5.000000e-01,0.000000e+00,0.000000e+00,0.000000e+00,0.000000e+00,0.000000e+00,0.000000e+00
9.000000e-01,2,5.000000e-01,5.000000e-01,1.521023e-18,5.000000e-01,5.000000e-01,5.000000e-01,0.000000e+00,0.000000e+00,3.000000e-01,0.000000e+00,0.000000e+00,0.000000e+00
1.000000e+00,2,5.000000e-01,5.000000e-01,3.044684e-55,5.000000e-01,5.000000e-01,5.000000e-01,0.000000e+00,0.000000e+00,3.000000e-01,0.000000e+00,0.000000e+00,0.000000e+00
1.100000e+00,2,5.000000e-01,5.000000e-01,1.521023e-18,5.000000e-01,5.000000e-01,5.000000e-01,0.000000e+00,0.000000e+00,3.000000e-01,0.000000e+00,0.000000e+00,0.000000e+00
1.200000e+00,-1,5.000000e-01,5.000000e-01,5.000000e-01,5.000000e-01,5.000000e-01,5.000000e-01,0.000000e+00,0.000000e+00,0.000000e+00,0.000000e+00,0.000000e+00,0.000000e+00
1.300000e+00,-1,5.000000e-01,5.000000e-01,5.000000e-01,5.000000e-01,5.000000e-01,5.000000e-01,0.000000e+00,0.000000e+00,0.000000e+00,0.000000e+00,0.000000e+00,0.000000e+00
1.400000e+00,-1,5.000000e-01,5.000000e-01,5.000000e-01,5.000000e-01,5.000000e-01,5.000000e-01,0.000000e+00,0.000000e+00,0.000000e+00,0.000000e+00,0.000000e+00,0.000000e+00
1.500000e+00,-1,5.000000e-01,5.000000e-01,5.000000e-01,5.000000e-01,5.000000e-01,5.000000e-01,0.000000e+00,0.000000e+00,0.000000e+00,0.000000e+00,0.000000e+00,0.000000e+00
1.600000e+00,4,5.000000e-01,5.000000e-01,5.000000e-01,5.000000e-01,6.769381e-33,5.000000e-01,0.000000e+00,0.000000e+00,0.000000e+00,0.000000e+00,3.000000e-01,0.000000e+00
1.700000e+00,4,5.000000e-01,5.000000e-01,5.000000e-01,5.000000e-01,2.840749e-48,5.000000e-01,0.000000e+00,0.000000e+00,0.000000e+00,0.000000e+00,3.000000e-01,0.000000e+00
1.800000e+00,-1,5.000000e-01,5.000000e-01,5.000000e-01,5.000000e-01,5.000000e-01,5.000000e-01,0.000000e+00,0.000000e+00,0.000000e+00,0.000000e+00,0.000000e+00,0.000000e+00
1.900000e+00,-1,5.000000e-01,5.000000e-01,5.000000e-01,5.000000e-01,5.000000e-01,5.000000e-01,0.000000e+00,0.000000e+00,0.000000e+00,0.000000e+00,0.000000e+00,0.000000e+00
2.000000e+00,-1,5.000000e-01,5.000000e-01,5.000000e-01,5.000000e-01,5.000000e-01,5.000000e-01,0.000000e+00,0.000000e+00,0.000000e+00,0.000000e+00,0.000000e+00,0.000000e+00
2.100000e+00,-1,5.000000e-01,5.000000e-01,5.000000e-01,5.000000e-01,5.000000e-01,5.000000e-01,0.000000e+00,0.000000e+00,0.000000e+00,0.000000e+00,0.000000e+00,0.000000e+00
2.200000e+00,-1,5.000000e-01,5.000000e-01,5.000000e-01,5.000000e-01,5.000000e-01,5.000000e-01,0.000000e+00,0.000000e+00,0.000000e+00,0.000000e+00,0.000000e+00,0.000000e+00
2.300000e+00,-1,5.000000e-01,5.000000e-01,5.000000e-01,5.000000e-01,5.000000e-01,5.000000e-01,0.000000e+00,0.000000e+00,0.000000e+00,0.000000e+00,0.000000e+00,0.000000e+00
2.400000e+00,-1,5.000000e-01,5.000000e-01,5.000000e-01,5.000000e-01,5.000000e-01,5.000000e-01,0.000000e+00,0.000000e+00,0.000000e+00,0.000000e+00,0.000000e+00,0.000000e+00
2.500000e+00,-1,5.000000e-01,5.000000e-01,5.000000e-01,5.000000e-01,5.000000e-01,5.000000e-01,0.000000e+00,0.000000e+00,0.000000e+00,0.000000e+00,0.000000e+00,0.000000e+00
2.600000e+00,-1,5.000000e-01,5.000000e-01,5.000000e-01,5.000000e-01,5.000000e-01,5.000000e-01,0.000000e+00,0.000000e+00,0.000000e+00,0.000000e+00,0.000000e+00,0.000000e+00
2.700000e+00,-1,5.000000e-01,5.000000e-01,5.000000e-01,5.000000e-01,5.000000e-01,5.000000e-01,0.000000e+00,0.000000e+00,0.000000e+00,0.000000e+00,0.000000e+00,0.000000e+00
2.800000e+00,-1,5.000000e-01,5.000000e-01,5.000000e-01,5.000000e-01,5.000000e-01,5.000000e-01,0.000000e+00,0.000000e+00,0.000000e+00,0.000000e+00,0.000000e+00,0.000000e+00
2.900000e+00,-1,5.000000e-01,5.000000e-01,5.000000e-01,5.000000e-01,5.000000e-01,5.000000e-01,0.000000e+00,0.000000e+00,0.000000e+00,0.000000e+00,0.000000e+00,0.000000e+00
